"Spirits","mp3","/","751","2017-08-22 13:17:07.345","false","false","true","true","false","true","i1","staff"
"She","mp3","/","266","2017-08-22 13:17:07.346","false","false","true","true","false","false","i2","staff"
"NO-MAN","mp3","/","606","2017-08-22 13:17:07.346","false","false","true","true","false","false","i3","staff"
"Changes","mp3","/","1759","2017-08-22 13:17:07.346","false","false","true","true","false","false","i4","staff"
"Mid Air","wma","/","861","2017-08-22 13:17:07.346","false","false","true","true","false","false","i5","staff"
"Lullaby","wma","/","1082","2017-08-22 13:17:07.346","false","false","true","true","false","true","i6","staff"
"Sing Along","wma","/","705","2017-08-22 13:17:07.347","false","false","true","true","false","false","i7","staff"
"Can't You See","m4a","/","604","2017-08-22 13:17:07.347","false","false","true","true","false","false","i8","staff"
"America","m4a","/","213","2017-08-22 13:17:07.347","false","false","true","true","false","false","i9","staff"
"Yellow","m4a","/","1321","2017-08-22 13:17:07.347","false","false","true","true","false","false","i10","staff"
"S04-E01","mp4","/TBBT/","643","2017-08-22 13:17:07.347","false","false","true","true","false","false","i11","staff"
"S04-E02","mp4","/TBBT/","1067","2017-08-22 13:17:07.347","false","false","true","true","false","true","i12","staff"
"S04-E03","mp4","/TBBT/","773","2017-08-22 13:17:07.347","false","false","true","true","false","false","i13","staff"
"S04-E04","mp4","/TBBT/","1076","2017-08-22 13:17:07.347","false","false","true","true","false","false","i14","staff"
"S04-E05","mp4","/TBBT/","993","2017-08-22 13:17:07.347","false","false","true","true","false","false","i15","staff"
"S04-E06","mp4","/TBBT/","602","2017-08-22 13:17:07.347","false","false","true","true","false","false","i16","staff"
"S04-E07","mp4","/TBBT/","606","2017-08-22 13:17:07.347","false","false","true","true","false","false","i17","staff"
"Digital Monster","mp4","/","492","2017-08-22 13:17:07.347","false","false","true","true","false","true","i18","staff"
"Watchmen","mkv","/","1763","2017-08-22 13:17:07.348","false","false","true","true","false","false","i19","staff"
"Little Star","wav","/","1366","2017-08-22 13:17:07.348","false","false","true","true","false","false","i20","staff"
"Lost Stars","wav","/","681","2017-08-22 13:17:07.348","false","false","true","true","false","false","i21","staff"
"Oceans Deep","wav","/","1338","2017-08-22 13:17:07.348","false","false","true","true","false","false","i22","staff"
"PrayStation","ogg","/","1632","2017-08-22 13:17:07.348","false","false","true","true","false","false","i23","staff"
"Music Box","ogg","/","786","2017-08-22 13:17:07.348","false","false","true","true","false","false","i24","staff"
